codon,degeneracy
AAA,112
AAC,112
AAG,112
AAT,112
ACA,114
ACC,114
ACG,114
ACT,114
AGA,212
AGC,112
AGG,212
AGT,112
ATA,113
ATC,113
ATG,111
ATT,113
CCA,114
CCC,114
CCG,114
CCT,114
CGA,214
CGC,114
CGG,214
CGT,114
CTA,214
CTC,114
CTG,214
CTT,114
GCA,114
GCC,114
GCG,114
GCT,114
GGA,114
GGC,114
GGG,114
GGT,114
GTA,114
GTC,114
GTG,114
GTT,114
TAA,*
TAC,112
TAG,*
TAT,112
TCA,114
TCC,114
TCG,114
TCT,114
TGA,*
TGC,112
TGG,111
TGT,112
TTA,212
TTC,112
TTG,212
TTT,112
,
,
,
,
,
,
,
,
,
,
,
,